,Job_Name,Job_URL,Company_Name,Job_Location,Job_Salary,Summary,Post_Date,Today_Date
0,Senior Java Developer,https://www.jobstreet.com.my/en/job/senior-java-developer-4853960?jobId=jobstreet-my-job-4853960&sectionRank=1&token=0~cf0f9791-318e-465e-8cfd-2e92ffd4b711&fr=SRP%20Job%20Listing,Wiseview Information Technology,Kuala Lumpur,MYR 8.5K - 13K monthly,Good BenefitPromo Opportunity,2022-03-02,2022-03-02
1,Senior Media Software Developer (Java),https://www.jobstreet.com.my/en/job/senior-media-software-developer-java-4852320?jobId=jobstreet-my-job-4852320&sectionRank=2&token=0~cf0f9791-318e-465e-8cfd-2e92ffd4b711&fr=SRP%20Job%20Listing,Arvato Systems Malaysia Sdn. Bhd.,Kuala Lumpur,MYR 12K - 14K monthly,,2022-03-01,2022-03-02
2,Senior Software Engineer,https://www.jobstreet.com.my/en/job/senior-software-engineer-4826503?jobId=jobstreet-my-job-4826503&sectionRank=3&token=0~cf0f9791-318e-465e-8cfd-2e92ffd4b711&fr=SRP%20Job%20Listing,Aglive Labs (TBSx3 Malaysia Sdn Bhd),"Penang, Kuala Lumpur",Not Available,Learning and trainingHelp you to achieve your career dreamWorldwide team,2022-02-26,2022-03-02
3,Java Leader (Remote Work),https://www.jobstreet.com.my/en/job/java-leader-remote-work-4829291?jobId=jobstreet-my-job-4829291&sectionRank=4&token=0~cf0f9791-318e-465e-8cfd-2e92ffd4b711&fr=SRP%20Job%20Listing,Morivy Data and Technology Inc.,"Kuala Lumpur, Johor Bahru, Alor Setar, Melaka, Kuala Pilah, Bayan Lepas, Pekan, Bidor, Sandakan, Cyberjaya",MYR 12K - 18K monthly,,2022-03-01,2022-03-02
4,Team Lead (Java),https://www.jobstreet.com.my/en/job/team-lead-java-4829295?jobId=jobstreet-my-job-4829295&sectionRank=5&token=0~cf0f9791-318e-465e-8cfd-2e92ffd4b711&fr=SRP%20Job%20Listing,CP GLOBAL INNOVATIONS (M) SDN. BHD.,Kuala Lumpur,MYR 7K - 10K monthly,,2022-03-01,2022-03-02
5,Back-end developer,https://www.jobstreet.com.my/en/job/back-end-developer-4850370?jobId=jobstreet-my-job-4850370&sectionRank=6&token=0~cf0f9791-318e-465e-8cfd-2e92ffd4b711&fr=SRP%20Job%20Listing,POET FARMER SDN. BHD.,Kuala Lumpur,MYR 7.5K - 11K monthly,We dine out as a team every Friday (Lunch is Free)Free Parking / Public Transport AllowancesMonthly Movie Nights and many other perks,2022-02-28,2022-03-02
6,Software Engineer,https://www.jobstreet.com.my/en/job/software-engineer-4853391?jobId=jobstreet-my-job-4853391&sectionRank=7&token=0~cf0f9791-318e-465e-8cfd-2e92ffd4b711&fr=SRP%20Job%20Listing,Silverstreet (M) Sdn Bhd,Kuala Lumpur,MYR 4.5K - 5.5K monthly,,2022-03-02,2022-03-02
7,Software Developer,https://www.jobstreet.com.my/en/job/software-developer-4853574?jobId=jobstreet-my-job-4853574&sectionRank=8&token=0~cf0f9791-318e-465e-8cfd-2e92ffd4b711&fr=SRP%20Job%20Listing,Star CRM Sdn. Bhd.,Kuala Lumpur,Not Available,,2022-03-02,2022-03-02
8,Senior Java Developer (C&A),https://www.jobstreet.com.my/en/job/senior-java-developer-c-a-4824688?jobId=jobstreet-my-job-4824688&sectionRank=9&token=0~cf0f9791-318e-465e-8cfd-2e92ffd4b711&fr=SRP%20Job%20Listing,Arvato Systems Malaysia Sdn. Bhd.,Kuala Lumpur,MYR 10K - 14K monthly,,2022-02-25,2022-03-02
9,Java Developer (Springboot),https://www.jobstreet.com.my/en/job/java-developer-springboot-4838569?jobId=jobstreet-my-job-4838569&sectionRank=10&token=0~cf0f9791-318e-465e-8cfd-2e92ffd4b711&fr=SRP%20Job%20Listing,Accenture TCM,Kuala Lumpur,Not Available,,2022-02-28,2022-03-02
10,Senior Java Developer (PIM360),https://www.jobstreet.com.my/en/job/senior-java-developer-pim360-4824677?jobId=jobstreet-my-job-4824677&sectionRank=11&token=0~cf0f9791-318e-465e-8cfd-2e92ffd4b711&fr=SRP%20Job%20Listing,Arvato Systems Malaysia Sdn. Bhd.,Kuala Lumpur,MYR 11K - 15K monthly,,2022-02-25,2022-03-02
11,Software Developer (Trading Solution),https://www.jobstreet.com.my/en/job/software-developer-trading-solution-4851083?jobId=jobstreet-my-job-4851083&sectionRank=12&token=0~cf0f9791-318e-465e-8cfd-2e92ffd4b711&fr=SRP%20Job%20Listing,iFAST Capital Sdn Bhd,Kuala Lumpur,Not Available,Work in a Singapore-listed multinational corporation group.Acquire investment domain knowledge in financial services sector.Enjoy working in the Central Business District of KL.,2022-03-01,2022-03-02
12,Java Developer (Remote/Overseas) placement,https://www.jobstreet.com.my/en/job/java-developer-remote-overseas-placement-4815898?jobId=jobstreet-my-job-4815898&sectionRank=13&token=0~cf0f9791-318e-465e-8cfd-2e92ffd4b711&fr=SRP%20Job%20Listing,MATCHSYNC PLT,Kuala Lumpur,MYR 14K - 20K monthly,,2022-02-28,2022-03-02
13,Fullstack Java Consultant,https://www.jobstreet.com.my/en/job/fullstack-java-consultant-4825396?jobId=jobstreet-my-job-4825396&sectionRank=14&token=0~cf0f9791-318e-465e-8cfd-2e92ffd4b711&fr=SRP%20Job%20Listing,dJAVA Factory Sdn Bhd,Kuala Lumpur,MYR 6K - 12K monthly,Performances IncentivesFree development programs and coursesBirthday Voucher,2022-02-27,2022-03-02
14,Software Engineer,https://www.jobstreet.com.my/en/job/software-engineer-4853591?jobId=jobstreet-my-job-4853591&sectionRank=15&token=0~cf0f9791-318e-465e-8cfd-2e92ffd4b711&fr=SRP%20Job%20Listing,DISYS (M) Sdn. Bhd,"Penang, Kuala Lumpur",MYR 3K - 6K monthly,,2022-03-02,2022-03-02
15,Software Developer,https://www.jobstreet.com.my/en/job/software-developer-4852094?jobId=jobstreet-my-job-4852094&sectionRank=16&token=0~cf0f9791-318e-465e-8cfd-2e92ffd4b711&fr=SRP%20Job%20Listing,HEALTH LANE FAMILY PHARMACY SDN BHD,Kuala Lumpur,MYR 8.5K - 13K monthly,Family harmony working environmentCareer AdvancementAttractive salary package,2022-03-01,2022-03-02
16,App/Cloud Support Analyst (Microsoft / Java),https://www.jobstreet.com.my/en/job/app-cloud-support-analyst-microsoft-java-4815884?jobId=jobstreet-my-job-4815884&sectionRank=17&token=0~cf0f9791-318e-465e-8cfd-2e92ffd4b711&fr=SRP%20Job%20Listing,Accenture Technology Solutions Sdn Bhd,Kuala Lumpur,Not Available,,2022-02-28,2022-03-02
17,Senior Java Developer ( Core Banking),https://www.jobstreet.com.my/en/job/senior-java-developer-core-banking-4843284?jobId=jobstreet-my-job-4843284&sectionRank=18&token=0~cf0f9791-318e-465e-8cfd-2e92ffd4b711&fr=SRP%20Job%20Listing,Malayan Banking Berhad (Maybank),Kuala Lumpur,Not Available,,2022-02-28,2022-03-02
18,Senior Ruby on Rails Developer (Remote/WFH),https://www.jobstreet.com.my/en/job/senior-ruby-on-rails-developer-remote-wfh-4829662?jobId=jobstreet-my-job-4829662&sectionRank=19&token=0~cf0f9791-318e-465e-8cfd-2e92ffd4b711&fr=SRP%20Job%20Listing,BowerBird App,"Kuala Lumpur, Perak, Penang, Sarawak, Sabah, Johor",MYR 10K - 11K monthly,Work From Home - We are 100% remote company.Work-Life Balance - Most of the team do a standard 8hr day.Signing bonus for the right candidates,2022-03-01,2022-03-02
19,Full Stack Developer/ .NET Developer/Java Developer,https://www.jobstreet.com.my/en/job/full-stack-developer-net-developer-java-developer-4850513?jobId=jobstreet-my-job-4850513&sectionRank=20&token=0~cf0f9791-318e-465e-8cfd-2e92ffd4b711&fr=SRP%20Job%20Listing,Octafa Consulting Sdn Bhd,Kuala Lumpur,MYR 5K - 7.5K monthly,,2022-02-28,2022-03-02
20,Lead JAVA Developer,https://www.jobstreet.com.my/en/job/lead-java-developer-4851340?jobId=jobstreet-my-job-4851340&sectionRank=21&token=0~cf0f9791-318e-465e-8cfd-2e92ffd4b711&fr=SRP%20Job%20Listing,Etiqa Insurance & Takaful,Kuala Lumpur,MYR 7.5K - 9K monthly,,2022-03-01,2022-03-02
21,Software Developer,https://www.jobstreet.com.my/en/job/software-developer-4850217?jobId=jobstreet-my-job-4850217&sectionRank=22&token=0~cf0f9791-318e-465e-8cfd-2e92ffd4b711&fr=SRP%20Job%20Listing,Madsoft Solutions Sdn Bhd,Kuala Lumpur,MYR 4.8K - 6K monthly,Work Life BalanceVariable BonusesOn-Job Training,2022-02-28,2022-03-02
22,Senior Full Stack Developer,https://www.jobstreet.com.my/en/job/senior-full-stack-developer-4828870?jobId=jobstreet-my-job-4828870&sectionRank=23&token=0~cf0f9791-318e-465e-8cfd-2e92ffd4b711&fr=SRP%20Job%20Listing,TAG Resources and Technologies (Malaysia) Sdn. Bhd.,Kuala Lumpur,MYR 4.5K - 7K monthly,"Outstanding career growth & development opportunitiesCompetitive remuneration package & Work life balancePassionate, energetic & innovative work culture",2022-03-01,2022-03-02
23,Software Application Engineer,https://www.jobstreet.com.my/en/job/software-application-engineer-4841523?jobId=jobstreet-my-job-4841523&sectionRank=24&token=0~cf0f9791-318e-465e-8cfd-2e92ffd4b711&fr=SRP%20Job%20Listing,Soft Rock Technologies Sdn Bhd,"Selangor, Kuala Lumpur, Penang",Not Available,"Grow your career, Grow with usFlexible working hours and holidaysIndependence in your work",2022-03-01,2022-03-02
24,JAVA Developer (Life/Family),https://www.jobstreet.com.my/en/job/java-developer-life-family-4851279?jobId=jobstreet-my-job-4851279&sectionRank=25&token=0~cf0f9791-318e-465e-8cfd-2e92ffd4b711&fr=SRP%20Job%20Listing,Etiqa Insurance & Takaful,Kuala Lumpur,MYR 4.5K - 5.8K monthly,,2022-03-01,2022-03-02
25,Full Stack Developer,https://www.jobstreet.com.my/en/job/full-stack-developer-4852493?jobId=jobstreet-my-job-4852493&sectionRank=26&token=0~cf0f9791-318e-465e-8cfd-2e92ffd4b711&fr=SRP%20Job%20Listing,iHEAL Medical Centre Kuala Lumpur,Kuala Lumpur,Not Available,,2022-03-01,2022-03-02
26,Software Engineer,https://www.jobstreet.com.my/en/job/software-engineer-9330448/origin/sg?jobId=jobstreet-sg-job-9330448&sectionRank=27&token=0~cf0f9791-318e-465e-8cfd-2e92ffd4b711&fr=SRP%20Job%20Listing,Onepip (Malaysia) Sdn Bhd,Kuala Lumpur,MYR 6K - 12K monthly,Attractive remuneration packageCareer advancementPositive working envinronment,2022-03-01,2022-03-02
27,Software Engineer (Node.js),https://www.jobstreet.com.my/en/job/software-engineer-node-js-4829015?jobId=jobstreet-my-job-4829015&sectionRank=28&token=0~cf0f9791-318e-465e-8cfd-2e92ffd4b711&fr=SRP%20Job%20Listing,ELLO TECHNOLOGY SDN BHD,Kuala Lumpur,MYR 4.5K - 7K monthly,Friendly Working EnvironmentOutstanding Career GrowthPassionate and Energetic Culture,2022-03-01,2022-03-02
28,Software Engineer - MRO D&S (Fresh Graduates are welcome!),https://www.jobstreet.com.my/en/job/software-engineer-mro-d-s-fresh-graduates-are-welcome!-4850517?jobId=jobstreet-my-job-4850517&sectionRank=29&token=0~cf0f9791-318e-465e-8cfd-2e92ffd4b711&fr=SRP%20Job%20Listing,Huawei Technologies (Malaysia) Sdn. Bhd,Kuala Lumpur,MYR 3.5K - 4.3K monthly,Attractive Salary PackageGreat Exposure in workGood Working Environment & Benefits,2022-02-28,2022-03-02
29,Application Developer (Senior Executive),https://www.jobstreet.com.my/en/job/application-developer-senior-executive-4829972?jobId=jobstreet-my-job-4829972&sectionRank=30&token=0~cf0f9791-318e-465e-8cfd-2e92ffd4b711&fr=SRP%20Job%20Listing,IMU Education Sdn Bhd,Kuala Lumpur,Not Available,,2022-03-01,2022-03-02
